,0
0,jerrycooper
1,shanson
2,christophernorris
3,pittsangela
4,pamela57
5,stephanie16
6,simmonsandrew
7,geraldsmith
8,gconley
9,steven36
10,aaustin
11,shawn46
12,elizabethrussell
13,gwarner
14,lgibson
15,amanda77
16,david06
17,ginarosales
18,peter59
19,kelly81
20,qturner
21,velasquezbrooke
22,daltonheidi
23,jacksonnicole
24,cwood
25,xbarrera
26,ylong
27,ashley79
28,rduran
29,christinaboyer
30,ryanpaula
31,iphillips
32,lorihall
33,coffeykim
34,thernandez
35,donna94
36,brownkyle
37,kbrown
38,trobinson
39,thompsonaustin
40,pricemichael
41,rebeccarivera
42,carteranthony
43,scottmatthews
44,ronaldtaylor
45,harrisalexander
46,kenneth84
47,hernandezaaron
48,graveserica
49,steve30
50,hthomas
51,jonesjennifer
52,slloyd
53,llopez
54,dustinburton
55,christybest
56,garrisonthomas
57,gwhite
58,tanyahill
59,kristina14
60,karenhuber
61,davidsanford
62,claudia86
63,olsonmichael
64,zjackson
65,jeffrey21
66,matthewgonzales
67,uboyd
68,hespinoza
69,welchryan
70,garciabeth
71,anne18
72,blancharddavid
73,kmoore
74,wilsondeborah
75,kcline
76,davidpalmer
77,lisawarren
78,scottlopez
79,williamscharlene
80,timothyrose
81,christine09
82,zmcneil
83,hvargas
84,tylerteresa
85,twhite
86,hopkinsamanda
87,destinyrogers
88,manningkelly
89,oclark
90,johnstonkristen
91,mcneillori
92,karen47
93,cervantesedward
94,williesteele
95,trevor90
96,tamara87
97,christopherparks
98,johnsonderrick
99,melissa15
100,sarahwilliams
101,jessica12
102,hsmith
103,pattythomas
104,christina75
105,cherylperez
106,osmall
107,hillsteven
108,anthonyhoward
109,robertsanthony
110,dixonbecky
111,andrewdavis
112,brandyblake
113,michellebowman
114,bradleyhaley
115,srivas
116,nlong
117,mariah74
118,xmarshall
119,davidbrown
120,byrdmichael
121,igreen
122,mark52
123,ybryant
124,hallchristopher
125,morrislauren
126,matthewolson
127,browningemily
128,reginald22
129,dawn65
130,tfitzpatrick
131,mosstravis
132,kimberlyfowler
133,garyjohnson
134,paul83
135,christopherlong
136,tylerrichard
137,steven19
138,monica94
139,sydney47
140,tsmith
141,jamesgeorge
142,nelsonjohn
143,cheyennesampson
144,xgoodman
145,ejohnson
146,loribowman
147,sean88
148,tammie17
149,johnsonsteven
150,dschultz
151,nicholas95
152,rushkimberly
153,udiaz
154,brendaramos
155,briancross
156,ernest97
157,crystal58
158,zramirez
159,robinmartinez
160,tiffanymullins
161,rodriguezaaron
162,pturner
163,hartdanielle
164,eric24
165,reedtimothy
166,bmontgomery
167,nancyross
168,singletonjoseph
169,bryanpatterson
170,charlespittman
171,stephen23
172,natalie29
173,jboyle
174,johnjordan
175,qsmith
176,qlopez
177,qhunt
178,xcabrera
179,michelewilliams
180,gallaghererin
181,brandycarpenter
182,craigtimothy
183,loretta44
184,adrianaruiz
185,castromatthew
186,april83
187,sthompson
188,bpace
189,dennisnicole
190,timothy77
191,jennifer34
192,bradyrebecca
193,leah62
194,howarddeborah
195,ldurham
196,jdonaldson
197,jose74
198,carneykelly
199,swansonjesse
200,shawn39
201,elizabethwu
202,linda14
203,jeffreyramos
204,ipatel
205,ohaas
206,jonesnancy
207,wperez
208,lauriejohnson
209,shirleykennedy
210,martinbrianna
211,williamspencer
212,rebecca49
213,bookererika
214,katie91
215,todddavid
216,nicholashughes
217,matthew34
218,ortizjason
219,fjohnson
220,bdavis
221,qmoran
222,madeline98
223,lavila
224,manuel52
225,johnsoncindy
226,patrick75
227,anthony50
228,ymooney
229,michaelwillis
230,jamesshaffer
231,william88
232,bowmanjeffery
233,colinsimon
234,joshuabaldwin
235,moniquemartin
236,martinbeck
237,hendersonalejandro
238,gibsonelizabeth
239,toniwagner
240,erin73
241,donnaprice
242,lisa01
243,ygeorge
244,nmorales
245,murraykendra
246,angelarogers
247,andrea95
248,dawnmartin
249,ian64
250,christopher59
251,kevin70
252,cardenasmeghan
253,ambercortez
254,bryce98
255,davisashley
256,gomezronald
257,bradleymorgan
258,patrickward
259,janicedurham
260,paynephillip
261,alexanderkevin
262,zgrant
263,johnlopez
264,morganwise
265,louismassey
266,higginsadam
267,mcbrideadrian
268,millerann
269,ehowell
270,znash
271,joelrobinson
272,jarmstrong
273,daniel17
274,aanthony
275,collinsjames
276,devin14
277,harriskiara
278,joseph10
279,kirkjennifer
280,codybates
281,allensteven
282,angela73
283,rsullivan
284,dlowery
285,michael89
286,ngomez
287,bcasey
288,tracyjohnson
289,rickymendez
290,derrick44
291,jamesjohnson
292,ygibbs
293,troycook
294,jonathanjohnson
295,kevin12
296,danielthompson
297,webersarah
298,robertscharles
299,therrera
300,elizabethbrown
301,mercedeskent
302,huntergriffith
303,adorsey
304,shahvanessa
305,brandy48
306,tgarcia
307,ygreen
308,christophervelasquez
309,contreraskevin
310,antonio84
311,kanetroy
312,jasonleach
313,ismith
314,james68
315,barbara70
316,rgilbert
317,frostjoseph
318,jbrown
319,zaguilar
320,wphillips
321,edwardford
322,jphelps
323,donaldsingleton
324,nrusso
325,nguyenjames
326,abaker
327,dramirez
328,ynelson
329,vanessa04
330,debra12
331,bryan13
332,heathergray
333,anthonydoyle
334,terri34
335,jason34
336,brandonwright
337,veronicaflores
338,reedleslie
339,urodriguez
340,kelly54
341,jeremylopez
342,chavezvictor
343,monicarogers
344,charleshudson
345,bradley55
346,slong
347,charleswilson
348,veronica66
349,mckaydouglas
350,judith59
351,jason96
352,christianmcguire
353,christopher05
354,wjenkins
355,hornejoshua
356,rnelson
357,hreyes
358,crandolph
359,george35
360,eileenking
361,gonzalezzachary
362,veronica96
363,hernandezjames
364,sandrajackson
365,gavin99
366,traci80
367,alexisbennett
368,melissagonzalez
369,jacksontheresa
370,martinezjulie
371,james03
372,nicolecurtis
373,michelle72
374,hdavis
375,christopher82
376,william94
377,tammy19
378,hterry
379,connieroberts
380,randallhorn
381,bestcharles
382,martinezjonathan
383,emily22
384,michaeljohnston
385,tonyrogers
386,christopherwebster
387,oevans
388,jordan73
389,paul69
390,gmichael
391,dillonbryan
392,allenrobert
393,jeremy26
394,isaiah99
395,johnsonjeffrey
396,marilyn34
397,brian66
398,rodrigueznatalie
399,lorraine45
400,lisajordan
401,harristimothy
402,lambtimothy
403,swansontaylor
404,makayla86
405,beverly17
406,monica71
407,foleyhailey
408,hortondavid
409,richardchung
410,anthonypope
411,ericingram
412,victor31
413,brandiwallace
414,yrobinson
415,ashley42
416,rjohnson
417,elliottmario
418,zjimenez
419,christophercase
420,jamesjordan
421,meaganbutler
422,emilymoore
423,goodmankathleen
424,sherri44
425,ruizmark
426,brendan54
427,bethodonnell
428,butlerpatricia
429,kevin30
430,christianrollins
431,vjohnson
432,carlsonapril
433,dawn62
434,andrea77
435,jonathanromero
436,romerosarah
437,sandra56
438,xhernandez
439,carpentershane
440,william53
441,wmorris
442,burkejacob
443,catherineroman
444,diane19
445,michellewhitehead
446,catherine18
447,valerieoliver
448,spencerjames
449,brianwilliams
450,jcunningham
451,sandrabrooks
452,morgannichole
453,travisashley
454,uallen
455,jacksonchristopher
456,tcampbell
457,timothyfuller
458,tonymorris
459,gregory82
460,andrew51
461,higginsalexis
462,kevinkennedy
463,iwhitney
464,pnunez
465,leslieyang
466,jasonmiller
467,stevensonjames
468,hwallace
469,connor30
470,lopezmary
471,qmorris
472,priceethan
473,karen48
474,perrykelly
475,rodriguezjacob
476,benjaminayala
477,john29
478,dodsonrobert
479,jonathan99
480,thomasmurray
481,chasephillips
482,mccoyjennifer
483,robertgeorge
484,osalazar
485,grahamglenn
486,guzmanandrew
487,jbush
488,thawkins
489,parkerlori
490,xblair
491,meaganturner
492,eddiegraham
493,theresasmith
494,karengregory
495,taylorjennifer
496,nathan54
497,billy13
498,morriscynthia
499,lewiskayla
500,jason40
501,gsmith
502,justincarr
503,qjones
504,john47
505,dsparks
506,taylorrodriguez
507,yosborne
508,sandramartin
509,misty06
510,fmatthews
511,fitzpatrickrebecca
512,robert86
513,yateslouis
514,johnsoncarl
515,rachel84
516,chaneyjeffery
517,joshua57
518,ndavis
519,amartin
520,agomez
521,charles89
522,rodney27
523,johnharris
524,joshua18
525,cabrerastacey
526,williambarr
527,colemanmichael
528,emckenzie
529,barronrobert
530,jennifer88
531,mdennis
532,pchen
533,rodney64
534,rollinsmary
535,cynthiafrye
536,hoganstephen
537,juliefitzgerald
538,wilsongrace
539,waltermichelle
540,cristina80
541,hcarey
542,pereztimothy
543,patriciajennings
544,xmeyer
545,olittle
546,leejenna
547,mitchellcarmen
548,justin24
549,turneralexandra
550,rosskathleen
551,wmatthews
552,rodriguezjohn
553,ybaxter
554,kevin26
555,austin62
556,john86
557,belljennifer
558,marcia25
559,fgraves
560,jillhughes
561,yangapril
562,pamela07
563,stephenoneal
564,austinsmith
565,diane00
566,meyerlouis
567,stephenwebb
568,shelby73
569,christine03
570,ujohnson
571,danieljames
572,morrisbrandon
573,chavezanthony
574,malloryanderson
575,anita69
576,robert11
577,vtaylor
578,billyperez
579,philipwilliams
580,belindamartin
581,lchristensen
582,xmiller
583,philip88
584,hoaaron
585,smorton
586,phillip64
587,anna31
588,cynthia42
589,fitzpatrickamanda
590,lbailey
591,kerrgerald
592,xgarcia
593,richardsjohn
594,atkinsonjeffrey
595,kimberlymorgan
596,sarahdavis
597,jacqueline33
598,timothy68
599,dannymorton
600,ygates
601,younggary
602,julie57
603,choward
604,christopher73
605,rhodesjulie
606,davisdavid
607,tonya17
608,christophergonzalez
609,vwhite
610,stephenmadden
611,lcantu
612,elizabethduran
613,cynthia17
614,juliebaker
615,elizabethjackson
616,michealwallace
617,ericharmon
618,adam61
619,walter91
620,rwarren
621,thorntonmicheal
622,carlalozano
623,tracy62
624,langpaul
625,sherylwilliams
626,jamessmith
627,henrycourtney
628,antonio22
629,gregorylara
630,cjackson
631,ygarcia
632,nicole03
633,patelallison
634,littlestephen
635,tbrown
636,kimberly56
637,brivera
638,alvarezregina
639,msanchez
640,michaelleon
641,cherrycheryl
642,gregrobertson
643,gilbertheather
644,rachel23
645,jacosta
646,sgonzalez
647,tinakelly
648,parkernatalie
649,lwolfe
650,joshuamorris
651,lewisjohn
652,christineschmidt
653,leslieschwartz
654,weaveradam
655,alexander37
656,usimpson
657,douglasgina
658,angelacastro
659,kayla99
660,dannyhall
661,patricia94
662,leebrian
663,ksawyer
664,kirbydavid
665,charlescampbell
666,michael51
667,jimenezaaron
668,fcarey
669,tsellers
670,steven14
671,williamsbrenda
672,christopherneal
673,holmesmonica
674,jessica03
675,cassandrapark
676,rachel44
677,crystalramsey
678,ashley24
679,brownkenneth
680,hansonisaac
681,velasquezkristin
682,walter55
683,jamie98
684,iramos
685,amy13
686,kleblanc
687,rblankenship
688,gregoryparker
689,harmonwilliam
690,timothyfleming
691,inielsen
692,tracey20
693,jonathannguyen
694,patriciaberry
695,brooke35
696,benjamin92
697,youngalyssa
698,dharmon
699,jenniferpowell
700,jenniferperez
701,xtorres
702,antonio99
703,jasonrobinson
704,carmen01
705,josephwilliams
706,robertsjeffrey
707,xwood
708,murphymelissa
709,james38
710,john61
711,johngallagher
712,kayla84
713,sanchezkaitlin
714,kreed
715,gholmes
716,shirleydavis
717,wwallace
718,deborah19
719,jacobconway
720,rosskatie
721,joanne38
722,littlericky
723,helennguyen
724,ericgomez
725,zsmith
726,william39
727,laura30
728,madisonhall
729,frankcooper
730,daniellepacheco
731,vclark
732,anthony09
733,brooksmary
734,christophervaughan
735,becky28
736,justin16
737,karen62
738,rebecca19
739,powerslindsay
740,tamara37
741,rosariomary
742,jacobsgordon
743,alyssaaustin
744,craig24
745,brooke92
746,robert68
747,jorge34
748,lesterdavid
749,dylanfischer
750,holmestiffany
751,dsingh
752,tyler72
753,pnoble
754,kimberlyrodriguez
755,ricealexis
756,shane09
757,dgarza
758,fostersarah
759,scottmichael
760,robertsbrandi
761,caseykelly
762,angelabarajas
763,hjones
764,charlene08
765,cynthiapugh
766,reyesmichelle
767,anne82
768,dwest
769,kellylucas
770,antonio70
771,jacksonjason
772,teresa37
773,phillip30
774,marcibarra
775,bfoley
776,schmidthelen
777,larsondavid
778,charleswagner
779,michael11
780,fmacias
781,josephho
782,sandra47
783,moorepatrick
784,lisawebb
785,kathleenmiller
786,williamwilson
787,xwaters
788,pmiller
789,simsjeremiah
790,justinmendoza
791,qburns
792,vsmith
793,gpierce
794,howardjacqueline
795,justinburns
796,richardwest
797,tuckervictor
798,kandrade
799,foconnor
800,petersontodd
801,katherinecrawford
802,samuel57
803,karenyang
804,susanspencer
805,brettdowns
806,kellerheidi
807,uryan
808,james95
809,breannadunn
810,kellyjennifer
811,williamsdavid
812,treilly
813,valerie14
814,kimberlybryant
815,nina61
816,theresa33
817,lindsayrodriguez
818,yfloyd
819,lorimoore
820,kara30
821,chelsea58
822,tarasmith
823,parkerjennifer
824,johnsondiana
825,emilymorrison
826,evansronald
827,award
828,andersonpaula
829,dmartin
830,tmay
831,hlewis
832,calebbutler
833,gregorybrennan
834,lisaguerra
835,frankmurphy
836,loriboyer
837,russellrodriguez
838,malik22
839,pamela02
840,david62
841,markkelly
842,lauren50
843,dbrowning
844,joshua15
845,veronica31
846,monicagomez
847,palmerholly
848,gateslisa
849,leedavid
850,lholmes
851,victoriadixon
852,cmay
853,matthew14
854,stephanie45
855,michaellawrence
856,ebowman
857,kyle90
858,zbeck
859,wshah
860,johnsonchristina
861,emily39
862,vincentpaul
863,stonehannah
864,joshua22
865,rodonnell
866,josephleonard
867,griffithbrittany
868,tonywhite
869,scotttaylor
870,zgross
871,joann00
872,gbryant
873,rodriguezangela
874,wilsonjeremiah
875,millerjessica
876,qclark
877,smiller
878,graymelanie
879,sanderson
880,andrearoberts
881,daniel50
882,mauricewu
883,kmendoza
884,jamesmaria
885,iferguson
886,qjohnson
887,aarondavis
888,gregorynichols
889,elizabeth47
890,virginia44
891,jody73
892,cherylhernandez
893,dthomas
894,oconnorjanice
895,lewislindsey
896,cwilkins
897,dgarcia
898,jmartinez
899,michaelafitzgerald
900,gabrielkennedy
901,bensonvanessa
902,iwilliams
903,michael56
904,anthony84
905,lisa56
906,lflores
907,stewartmary
908,boothjennifer
909,evanmiller
910,bclark
911,simpsonjesse
912,rhonda81
913,melissajensen
914,alexanderpaul
915,potterkeith
916,jonathan24
917,jmartin
918,tammy60
919,bryantjoshua
920,williamwoods
921,stephaniepayne
922,cwhite
923,dylan87
924,anthonymatthew
925,lovemichelle
926,howardcody
927,uaustin
928,reynoldschristina
929,vsantos
930,nmolina
931,wrichard
932,wayne35
933,jonmills
934,michaelboyd
935,alopez
936,whitebrandon
937,connie10
938,christina30
939,angela89
940,mark96
941,robbinserica
942,ronaldaguilar
943,nguyennathan
944,rodriguezchristopher
945,scottwilson
946,fesparza
947,ysolomon
948,barnessandra
949,smithsean
950,leahboyd
951,kristen04
952,ambernichols
953,qwilliamson
954,ewarren
955,cthomas
956,jennifer66
957,gmills
958,katherinewheeler
959,williambrown
960,dana04
961,trevorjohnson
962,stevengarcia
963,courtney43
964,velezmark
965,margaretparker
966,josehaas
967,keithbrady
968,caitlin38
969,perezcarlos
970,matthewsdaniel
971,joneswilliam
972,lucasgraham
973,pamela84
974,brianamurphy
975,eric22
976,uramirez
977,gary21
978,lisa77
979,cjohnson
980,lindsay77
981,kmurray
982,jhayes
983,kathy68
984,william47
985,bpowell
986,lwilkerson
987,shelby60
988,brandon42
989,susan70
990,william07
991,richardmann
